{"cameraMode":{"drawMode":0,"name":"Shaded","section":"Shading Mode"},"sceneLighting":true,"audioPlay":false,"sceneViewState":{"m_AlwaysRefresh":false,"showFog":true,"showSkybox":true,"showFlares":true,"showImageEffects":true,"showParticleSystems":true,"showVisualEffectGraphs":true,"m_FxEnabled":false},"in2DMode":false,"pivot":{"x":6.812864303588867,"y":-0.09435844421386719,"z":-1.0991287231445313},"rotation":{"x":0.4883851706981659,"y":0.012827335856854916,"z":-0.007180618587881327,"w":0.8725060224533081},"size":10.051308631896973,"orthographic":false}